Workbook

Sheet 📋 Ban Ve
A1: 🏠 GiaXayNha.vn — TEMPLATE IMPORT BẢN VẼ | Điền từ hàng 4 trở xuống | Hàng 3 = mẫu ví dụ (xóa trước khi import)
A2: ⚡ Cột B (Mã GXN) tự động tính từ các cột khác — BẠN CÓ THỂ ghi đè bằng mã riêng của mình. Định dạng: GXN_[GoiTai][TinhID]_[LoaiCT][PC1][PC2]_[DDMMYY] | Ví dụ: GXN_11_2318_270526
A3: STT | B3: Mã GXN ★ | C3: Tiêu đề * | D3: Loại CT * | E3: Phong cách 1 * | F3: Phong cách 2 | G3: Số tầng | H3: Chiều rộng (m) | I3: Chiều dài (m) | J3: Diện tích sàn (m²) | K3: Số phòng ngủ | L3: Tỉnh / Thành phố | M3: Gói tải * | N3: Link PDF (OneDrive) * | O3: Link CAD (OneDrive) | P3: Link ảnh bìa | Q3: Mô tả | R3: Tags (phân cách dấu ,) | S3: Trạng thái * | T3: SEO Title | U3: SEO Description
A4: =IF(C4<>"",ROW()-3,"") | B4: GXN_12_2318_270526 | C4: Nhà phố 3 tầng 5x20m Hiện đại - Hà Nội | D4: Nhà phố | E4: Hiện đại | F4: Tối giản | G4: 3 | H4: 5 | I4: 20 | J4: 300 | K4: 4 | L4: Hà Nội | M4: FREE | N4: https://1drv.ms/b/s!AxxxxxxxxxxxxxxxxxxxxEXAMPLE | P4: https://1drv.ms/i/s!AxxxxxxxxxxxxxxxxxxxxEXAMPLE | Q4: Nhà phố 3 tầng thiết kế hiện đại, tối ưu không gian 4–5 người. | R4: nhà phố, 3 tầng, hiện đại, hà nội | S4: Nháp
A5: =IF(C5<>"",ROW()-3,"") | B5: =IF(C5="","","GXN_"&IF(M5="FREE",1,2)&IFERROR(INDEX('Tham Chieu'!$G$3:$G$65,MATCH(L5,'Tham Chieu'!$H$3:$H$65,0)),0)&"_"&IFERROR(INDEX('Tham Chieu'!$A$3:$A$11,MATCH(D5,'Tham Chieu'!$B$3:$B$11,0)),0)&IFERROR(INDEX('Tham Chieu'!$D$3:$D$20,MATCH(E5,'Tham Chieu'!$E$3:$E$20,0)),0)&IFERROR(INDEX('Tham Chieu'!$D$3:$D$20,MATCH(IF(F5="",E5,F5),'Tham Chieu'!$E$3:$E$20,0)),0)&"_"&TEXT(TODAY(),"DDMMYY"))
A6: =IF(C6<>"",ROW()-3,"") | B6: =IF(C6="","","GXN_"&IF(M6="FREE",1,2)&IFERROR(INDEX('Tham Chieu'!$G$3:$G$65,MATCH(L6,'Tham Chieu'!$H$3:$H$65,0)),0)&"_"&IFERROR(INDEX('Tham Chieu'!$A$3:$A$11,MATCH(D6,'Tham Chieu'!$B$3:$B$11,0)),0)&IFERROR(INDEX('Tham Chieu'!$D$3:$D$20,MATCH(E6,'Tham Chieu'!$E$3:$E$20,0)),0)&IFERROR(INDEX('Tham Chieu'!$D$3:$D$20,MATCH(IF(F6="",E6,F6),'Tham Chieu'!$E$3:$E$20,0)),0)&"_"&TEXT(TODAY(),"DDMMYY"))
A7: =IF(C7<>"",ROW()-3,"") | B7: =IF(C7="","","GXN_"&IF(M7="FREE",1,2)&IFERROR(INDEX('Tham Chieu'!$G$3:$G$65,MATCH(L7,'Tham Chieu'!$H$3:$H$65,0)),0)&"_"&IFERROR(INDEX('Tham Chieu'!$A$3:$A$11,MATCH(D7,'Tham Chieu'!$B$3:$B$11,0)),0)&IFERROR(INDEX('Tham Chieu'!$D$3:$D$20,MATCH(E7,'Tham Chieu'!$E$3:$E$20,0)),0)&IFERROR(INDEX('Tham Chieu'!$D$3:$D$20,MATCH(IF(F7="",E7,F7),'Tham Chieu'!$E$3:$E$20,0)),0)&"_"&TEXT(TODAY(),"DDMMYY"))
A8: =IF(C8<>"",ROW()-3,"") | B8: =IF(C8="","","GXN_"&IF(M8="FREE",1,2)&IFERROR(INDEX('Tham Chieu'!$G$3:$G$65,MATCH(L8,'Tham Chieu'!$H$3:$H$65,0)),0)&"_"&IFERROR(INDEX('Tham Chieu'!$A$3:$A$11,MATCH(D8,'Tham Chieu'!$B$3:$B$11,0)),0)&IFERROR(INDEX('Tham Chieu'!$D$3:$D$20,MATCH(E8,'Tham Chieu'!$E$3:$E$20,0)),0)&IFERROR(INDEX('Tham Chieu'!$D$3:$D$20,MATCH(IF(F8="",E8,F8),'Tham Chieu'!$E$3:$E$20,0)),0)&"_"&TEXT(TODAY(),"DDMMYY"))
A9: =IF(C9<>"",ROW()-3,"") | B9: =IF(C9="","","GXN_"&IF(M9="FREE",1,2)&IFERROR(INDEX('Tham Chieu'!$G$3:$G$65,MATCH(L9,'Tham Chieu'!$H$3:$H$65,0)),0)&"_"&IFERROR(INDEX('Tham Chieu'!$A$3:$A$11,MATCH(D9,'Tham Chieu'!$B$3:$B$11,0)),0)&IFERROR(INDEX('Tham Chieu'!$D$3:$D$20,MATCH(E9,'Tham Chieu'!$E$3:$E$20,0)),0)&IFERROR(INDEX('Tham Chieu'!$D$3:$D$20,MATCH(IF(F9="",E9,F9),'Tham Chieu'!$E$3:$E$20,0)),0)&"_"&TEXT(TODAY(),"DDMMYY"))
A10: =IF(C10<>"",ROW()-3,"") | B10: =IF(C10="","","GXN_"&IF(M10="FREE",1,2)&IFERROR(INDEX('Tham Chieu'!$G$3:$G$65,MATCH(L10,'Tham Chieu'!$H$3:$H$65,0)),0)&"_"&IFERROR(INDEX('Tham Chieu'!$A$3:$A$11,MATCH(D10,'Tham Chieu'!$B$3:$B$11,0)),0)&IFERROR(INDEX('Tham Chieu'!$D$3:$D$20,MATCH(E10,'Tham Chieu'!$E$3:$E$20,0)),0)&IFERROR(INDEX('Tham Chieu'!$D$3:$D$20,MATCH(IF(F10="",E10,F10),'Tham Chieu'!$E$3:$E$20,0)),0)&"_"&TEXT(TODAY(),"DDMMYY"))
A11: =IF(C11<>"",ROW()-3,"") | B11: =IF(C11="","","GXN_"&IF(M11="FREE",1,2)&IFERROR(INDEX('Tham Chieu'!$G$3:$G$65,MATCH(L11,'Tham Chieu'!$H$3:$H$65,0)),0)&"_"&IFERROR(INDEX('Tham Chieu'!$A$3:$A$11,MATCH(D11,'Tham Chieu'!$B$3:$B$11,0)),0)&IFERROR(INDEX('Tham Chieu'!$D$3:$D$20,MATCH(E11,'Tham Chieu'!$E$3:$E$20,0)),0)&IFERROR(INDEX('Tham Chieu'!$D$3:$D$20,MATCH(IF(F11="",E11,F11),'Tham Chieu'!$E$3:$E$20,0)),0)&"_"&TEXT(TODAY(),"DDMMYY"))
A12: =IF(C12<>"",ROW()-3,"") | B12: =IF(C12="","","GXN_"&IF(M12="FREE",1,2)&IFERROR(INDEX('Tham Chieu'!$G$3:$G$65,MATCH(L12,'Tham Chieu'!$H$3:$H$65,0)),0)&"_"&IFERROR(INDEX('Tham Chieu'!$A$3:$A$11,MATCH(D12,'Tham Chieu'!$B$3:$B$11,0)),0)&IFERROR(INDEX('Tham Chieu'!$D$3:$D$20,MATCH(E12,'Tham Chieu'!$E$3:$E$20,0)),0)&IFERROR(INDEX('Tham Chieu'!$D$3:$D$20,MATCH(IF(F12="",E12,F12),'Tham Chieu'!$E$3:$E$20,0)),0)&"_"&TEXT(TODAY(),"DDMMYY"))
A13: =IF(C13<>"",ROW()-3,"") | B13: =IF(C13="","","GXN_"&IF(M13="FREE",1,2)&IFERROR(INDEX('Tham Chieu'!$G$3:$G$65,MATCH(L13,'Tham Chieu'!$H$3:$H$65,0)),0)&"_"&IFERROR(INDEX('Tham Chieu'!$A$3:$A$11,MATCH(D13,'Tham Chieu'!$B$3:$B$11,0)),0)&IFERROR(INDEX('Tham Chieu'!$D$3:$D$20,MATCH(E13,'Tham Chieu'!$E$3:$E$20,0)),0)&IFERROR(INDEX('Tham Chieu'!$D$3:$D$20,MATCH(IF(F13="",E13,F13),'Tham Chieu'!$E$3:$E$20,0)),0)&"_"&TEXT(TODAY(),"DDMMYY"))
A14: =IF(C14<>"",ROW()-3,"") | B14: =IF(C14="","","GXN_"&IF(M14="FREE",1,2)&IFERROR(INDEX('Tham Chieu'!$G$3:$G$65,MATCH(L14,'Tham Chieu'!$H$3:$H$65,0)),0)&"_"&IFERROR(INDEX('Tham Chieu'!$A$3:$A$11,MATCH(D14,'Tham Chieu'!$B$3:$B$11,0)),0)&IFERROR(INDEX('Tham Chieu'!$D$3:$D$20,MATCH(E14,'Tham Chieu'!$E$3:$E$20,0)),0)&IFERROR(INDEX('Tham Chieu'!$D$3:$D$20,MATCH(IF(F14="",E14,F14),'Tham Chieu'!$E$3:$E$20,0)),0)&"_"&TEXT(TODAY(),"DDMMYY"))
A15: =IF(C15<>"",ROW()-3,"") | B15: =IF(C15="","","GXN_"&IF(M15="FREE",1,2)&IFERROR(INDEX('Tham Chieu'!$G$3:$G$65,MATCH(L15,'Tham Chieu'!$H$3:$H$65,0)),0)&"_"&IFERROR(INDEX('Tham Chieu'!$A$3:$A$11,MATCH(D15,'Tham Chieu'!$B$3:$B$11,0)),0)&IFERROR(INDEX('Tham Chieu'!$D$3:$D$20,MATCH(E15,'Tham Chieu'!$E$3:$E$20,0)),0)&IFERROR(INDEX('Tham Chieu'!$D$3:$D$20,MATCH(IF(F15="",E15,F15),'Tham Chieu'!$E$3:$E$20,0)),0)&"_"&TEXT(TODAY(),"DDMMYY"))
A16: =IF(C16<>"",ROW()-3,"") | B16: =IF(C16="","","GXN_"&IF(M16="FREE",1,2)&IFERROR(INDEX('Tham Chieu'!$G$3:$G$65,MATCH(L16,'Tham Chieu'!$H$3:$H$65,0)),0)&"_"&IFERROR(INDEX('Tham Chieu'!$A$3:$A$11,MATCH(D16,'Tham Chieu'!$B$3:$B$11,0)),0)&IFERROR(INDEX('Tham Chieu'!$D$3:$D$20,MATCH(E16,'Tham Chieu'!$E$3:$E$20,0)),0)&IFERROR(INDEX('Tham Chieu'!$D$3:$D$20,MATCH(IF(F16="",E16,F16),'Tham Chieu'!$E$3:$E$20,0)),0)&"_"&TEXT(TODAY(),"DDMMYY"))
... A504: =IF(C504<>"",ROW()-3,"") | B504: =IF(C504="","","GXN_"&IF(M504="FREE",1,2)&IFERROR(INDEX('Tham Chieu'!$G$3:$G$65,MATCH(L504,'Tham Chieu'!$H$3:$H$65,0)),0)&"_"&IFERROR(INDEX('Tham Chieu'!$A$3:$A$11,MATCH(D504,'Tham Chieu'!$B$3:$B$11,0)),0)&IFERROR(INDEX('Tham Chieu'!$D$3:$D$20,MATCH(E504,'Tham Chieu'!$E$3:$E$20,0)),0)&IFERROR(INDEX('Tham Chieu'!$D$3:$D$20,MATCH(IF(F504="",E504,F504),'Tham Chieu'!$E$3:$E$20,0)),0)&"_"&TEXT(TODAY(),"DDMMYY"))

Sheet 📖 Huong Dan
A1: 📖 HƯỚNG DẪN ĐIỀN TEMPLATE IMPORT BẢN VẼ — GiaXayNha.vn
A2: ★ Cột B (Mã GXN) là ID duy nhất của mỗi công trình — tự tính nhưng có thể ghi đè
A4: 1. Giải thích Mã GXN (id_project)
A5: Định dạng | B5: GXN_[GoiTai][TinhID]_[LoaiCT][PC1][PC2]_[DDMMYY] | C5: Tất cả các phần ghép liền, không dấu cách
A6: Ví dụ | B6: GXN_12_2318_270526 | C6: Gói Cơ bản | Tỉnh 1 (Hà Nội) | Loại 2 (Nhà phố) | PC 3 (Hiện đại) | PC 18 (Tối giản) | 27/05/26
A7: GoiTai | B7: 1 = FREE / 2 = Cơ bản | C7: Số 1 hoặc 2
A8: TinhID | B8: Số thứ tự tỉnh/thành (1–63) | C8: Xem cột Tỉnh trong bảng Tham Chiếu
A9: LoaiCT | B9: Số thứ tự loại công trình (1–9) | C9: Xem cột Loại CT trong bảng Tham Chiếu
A10: PC1/PC2 | B10: Số thứ tự phong cách thiết kế (1–18) | C10: PC2 = PC1 nếu để trống
A11: DDMMYY | B11: Ngày tháng năm lúc import (tự động) | C11: Ví dụ: 270526 = ngày 27/05/2026
A12: Ghi đè | B12: Bạn CÓ THỂ xóa công thức và nhập mã riêng của mình | C12: Mã tùy chỉnh phải UNIQUE — không trùng với mã khác đã có trong hệ thống
A14: 2. Các cột bắt buộc (*)
A15: Cột C — Tiêu đề | B15: Tên đầy đủ mô tả bản vẽ. Ví dụ: "Nhà phố 3 tầng 5x20m Hiện đại - Hà Nội" | C15: 5–200 ký tự
A16: Cột D — Loại CT | B16: Chọn từ dropdown. Phải khớp chính xác tên trong bảng Tham Chiếu. | C16: 9 loại: Biệt thự, Nhà phố, Nhà cấp 4...
A17: Cột E — Phong cách 1 | B17: Phong cách kiến trúc chính. Chọn từ dropdown. | C17: 18 lựa chọn
A18: Cột M — Gói tải | B18: FREE hoặc Cơ bản. Khuyến nghị: FREE cho 50 bản vẽ đầu tiên.
A19: Cột N — Link PDF | B19: Link OneDrive share file PDF. PHẢI đặt "Anyone with the link can view". | C19: Xem hướng dẫn OneDrive bên dưới
A20: Cột S — Trạng thái | B20: Nháp / Chờ duyệt / Xuất bản. Khuyến nghị: Nháp → duyệt sau.
A22: 3. Cách lấy link share file từ OneDrive
A23: Bước 1 | B23: Mở file PDF (hoặc ảnh) trong OneDrive / SharePoint.
A24: Bước 2 | B24: Chuột phải → "Share" (Chia sẻ).
A25: Bước 3 | B25: Chọn quyền "Anyone with the link" → "Can view" (Ai cũng xem được).
A26: Bước 4 | B26: Nhấn "Copy link" → Paste vào cột N (Link PDF) trong template.
A27: ⚠️ Lưu ý | B27: KHÔNG chọn "People in your organization" — người ngoài không tải được! | C27: Đây là lỗi phổ biến nhất
A28: ⚠️ Lưu ý | B28: Link ngắn 1drv.ms và link SharePoint đầy đủ đều được chấp nhận.
A30: 4. Lưu ý quan trọng khi điền
A31: • Hàng 4 (nền xanh lá) là hàng MẪU — XÓA hoặc bỏ qua trước khi import.
A32: • Mỗi lần import tối đa 500 hàng. Chia nhỏ file nếu có nhiều hơn.
A33: • Hệ thống tự kiểm tra Mã GXN trùng lặp. Nếu trùng → báo lỗi.
A34: • Lưu file định dạng .xlsx (không phải .xls cũ hoặc .csv).
A35: • Các cột tùy chọn có thể để trống — hệ thống sẽ bỏ qua.
A36: • Cột B (Mã GXN) công thức cập nhật theo ngày hôm nay — kiểm tra lại nếu điền qua nhiều ngày.

Sheet Tham Chieu
A1: 🔧 BẢNG THAM CHIẾU — Dùng để tra cứu ID và tên chính xác. Cột này là nguồn dữ liệu cho các dropdown trong sheet "Ban Ve".
A2: ID | B2: Loại Công Trình | D2: ID | E2: Phong Cách Thiết Kế | G2: ID | H2: Tỉnh / Thành Phố
A3: 1 | B3: Biệt thự | D3: 1 | E3: Cổ điển | G3: 1 | H3: Hà Nội
A4: 2 | B4: Nhà phố | D4: 2 | E4: Tân cổ điển | G4: 2 | H4: TP. Hồ Chí Minh
A5: 3 | B5: Nhà cấp 4 | D5: 3 | E5: Hiện đại | G5: 3 | H5: Đà Nẵng
A6: 4 | B6: Văn phòng / Trụ sở | D6: 4 | E6: Song lập | G6: 4 | H6: Hải Phòng
A7: 5 | B7: Bệnh viện | D7: 5 | E7: Đơn lập | G7: 5 | H7: Cần Thơ
A8: 6 | B8: Trường học | D8: 6 | E8: Lâu đài | G8: 6 | H8: An Giang
A9: 7 | B9: Khách sạn | D9: 7 | E9: Truyền thống | G9: 7 | H9: Bà Rịa - Vũng Tàu
A10: 8 | B10: Shop / Showroom | D10: 8 | E10: Homestay | G10: 8 | H10: Bắc Giang
A11: 9 | B11: Chung cư | D11: 9 | E11: Shophouse | G11: 9 | H11: Bắc Kạn
D12: 10 | E12: Liền kề | G12: 10 | H12: Bạc Liêu
D13: 11 | E13: TM dịch vụ | G13: 11 | H13: Bắc Ninh
D14: 12 | E14: Chung cư mini | G14: 12 | H14: Bến Tre
D15: 13 | E15: Đa dụng | G15: 13 | H15: Bình Định
D16: 14 | E16: Tứ lập | G16: 14 | H16: Bình Dương
D17: 15 | E17: Nhà vườn | G17: 15 | H17: Bình Phước
D18: 16 | E18: Compound | G18: 16 | H18: Bình Thuận
D19: 17 | E19: Nghỉ dưỡng | G19: 17 | H19: Cà Mau
D20: 18 | E20: Tối giản | G20: 18 | H20: Cao Bằng
G21: 19 | H21: Đắk Lắk
G22: 20 | H22: Đắk Nông
G23: 21 | H23: Điện Biên
G24: 22 | H24: Đồng Nai
G25: 23 | H25: Đồng Tháp
G26: 24 | H26: Gia Lai
G27: 25 | H27: Hà Giang
G28: 26 | H28: Hà Nam
G29: 27 | H29: Hà Tĩnh
G30: 28 | H30: Hải Dương
G31: 29 | H31: Hậu Giang
G32: 30 | H32: Hòa Bình
... G65: 63 | H65: Yên Bái
